{
  "total": 800,
  "totalNotFiltered": 800,
  "rows": [
    {
      "id": 0,
      "name": "<a href=\"https:\/\/www.google.com\/\">Item 0 <\/a>",
      "price": "$0"
    },
    {
      "id": 1,
      "name": "Item 1",
      "price": "$1"
    },
    {
      "id": 2,
      "name": "Item 2",
      "price": "$2"
    },
    {
      "id": 3,
      "name": "Item 3",
      "price": "$3"
    },
    {
      "id": 4,
      "name": "Item 4",
      "price": "$4"
    },
    {
      "id": 5,
      "name": "Item 5",
      "price": "$5"
    },
    {
      "id": 6,
      "name": "Item 6",
      "price": "$6"
    },
    {
      "id": 7,
      "name": "Item 7",
      "price": "$7"
    },
    {
      "id": 8,
      "name": "Item 8",
      "price": "$8"
    },
    {
      "id": 9,
      "name": "Item 9",
      "price": "$9"
    },
    {
      "id": 10,
      "name": "Item 10",
      "price": "$10"
    },
    {
      "id": 11,
      "name": "Item 11",
      "price": "$11"
    },
    {
      "id": 12,
      "name": "Item 12",
      "price": "$12"
    },
    {
      "id": 13,
      "name": "Item 13",
      "price": "$13"
    },
    {
      "id": 14,
      "name": "Item 14",
      "price": "$14"
    },
    {
      "id": 15,
      "name": "Item 15",
      "price": "$15"
    },
    {
      "id": 16,
      "name": "Item 16",
      "price": "$16"
    },
    {
      "id": 17,
      "name": "Item 17",
      "price": "$17"
    },
    {
      "id": 18,
      "name": "Item 18",
      "price": "$18"
    },
    {
      "id": 19,
      "name": "Item 19",
      "price": "$19"
    },
    {
      "id": 20,
      "name": "Item 20",
      "price": "$20"
    },
    {
      "id": 21,
      "name": "Item 21",
      "price": "$21"
    },
    {
      "id": 22,
      "name": "Item 22",
      "price": "$22"
    },
    {
      "id": 23,
      "name": "Item 23",
      "price": "$23"
    },
    {
      "id": 24,
      "name": "Item 24",
      "price": "$24"
    },
    {
      "id": 25,
      "name": "Item 25",
      "price": "$25"
    },
    {
      "id": 26,
      "name": "Item 26",
      "price": "$26"
    },
    {
      "id": 27,
      "name": "Item 27",
      "price": "$27"
    },
    {
      "id": 28,
      "name": "Item 28",
      "price": "$28"
    },
    {
      "id": 29,
      "name": "Item 29",
      "price": "$29"
    },
    {
      "id": 30,
      "name": "Item 30",
      "price": "$30"
    },
    {
      "id": 31,
      "name": "Item 31",
      "price": "$31"
    },
    {
      "id": 32,
      "name": "Item 32",
      "price": "$32"
    },
    {
      "id": 33,
      "name": "Item 33",
      "price": "$33"
    },
    {
      "id": 34,
      "name": "Item 34",
      "price": "$34"
    },
    {
      "id": 35,
      "name": "Item 35",
      "price": "$35"
    },
    {
      "id": 36,
      "name": "Item 36",
      "price": "$36"
    },
    {
      "id": 37,
      "name": "Item 37",
      "price": "$37"
    },
    {
      "id": 38,
      "name": "Item 38",
      "price": "$38"
    },
    {
      "id": 39,
      "name": "Item 39",
      "price": "$39"
    },
    {
      "id": 40,
      "name": "Item 40",
      "price": "$40"
    },
    {
      "id": 41,
      "name": "Item 41",
      "price": "$41"
    },
    {
      "id": 42,
      "name": "Item 42",
      "price": "$42"
    },
    {
      "id": 43,
      "name": "Item 43",
      "price": "$43"
    },
    {
      "id": 44,
      "name": "Item 44",
      "price": "$44"
    },
    {
      "id": 45,
      "name": "Item 45",
      "price": "$45"
    },
    {
      "id": 46,
      "name": "Item 46",
      "price": "$46"
    },
    {
      "id": 47,
      "name": "Item 47",
      "price": "$47"
    },
    {
      "id": 48,
      "name": "Item 48",
      "price": "$48"
    },
    {
      "id": 49,
      "name": "Item 49",
      "price": "$49"
    },
    {
      "id": 50,
      "name": "Item 50",
      "price": "$50"
    },
    {
      "id": 51,
      "name": "Item 51",
      "price": "$51"
    },
    {
      "id": 52,
      "name": "Item 52",
      "price": "$52"
    },
    {
      "id": 53,
      "name": "Item 53",
      "price": "$53"
    },
    {
      "id": 54,
      "name": "Item 54",
      "price": "$54"
    },
    {
      "id": 55,
      "name": "Item 55",
      "price": "$55"
    },
    {
      "id": 56,
      "name": "Item 56",
      "price": "$56"
    },
    {
      "id": 57,
      "name": "Item 57",
      "price": "$57"
    },
    {
      "id": 58,
      "name": "Item 58",
      "price": "$58"
    },
    {
      "id": 59,
      "name": "Item 59",
      "price": "$59"
    },
    {
      "id": 60,
      "name": "Item 60",
      "price": "$60"
    },
    {
      "id": 61,
      "name": "Item 61",
      "price": "$61"
    },
    {
      "id": 62,
      "name": "Item 62",
      "price": "$62"
    },
    {
      "id": 63,
      "name": "Item 63",
      "price": "$63"
    },
    {
      "id": 64,
      "name": "Item 64",
      "price": "$64"
    },
    {
      "id": 65,
      "name": "Item 65",
      "price": "$65"
    },
    {
      "id": 66,
      "name": "Item 66",
      "price": "$66"
    },
    {
      "id": 67,
      "name": "Item 67",
      "price": "$67"
    },
    {
      "id": 68,
      "name": "Item 68",
      "price": "$68"
    },
    {
      "id": 69,
      "name": "Item 69",
      "price": "$69"
    },
    {
      "id": 70,
      "name": "Item 70",
      "price": "$70"
    },
    {
      "id": 71,
      "name": "Item 71",
      "price": "$71"
    },
    {
      "id": 72,
      "name": "Item 72",
      "price": "$72"
    },
    {
      "id": 73,
      "name": "Item 73",
      "price": "$73"
    },
    {
      "id": 74,
      "name": "Item 74",
      "price": "$74"
    },
    {
      "id": 75,
      "name": "Item 75",
      "price": "$75"
    },
    {
      "id": 76,
      "name": "Item 76",
      "price": "$76"
    },
    {
      "id": 77,
      "name": "Item 77",
      "price": "$77"
    },
    {
      "id": 78,
      "name": "Item 78",
      "price": "$78"
    },
    {
      "id": 79,
      "name": "Item 79",
      "price": "$79"
    },
    {
      "id": 80,
      "name": "Item 80",
      "price": "$80"
    },
    {
      "id": 81,
      "name": "Item 81",
      "price": "$81"
    },
    {
      "id": 82,
      "name": "Item 82",
      "price": "$82"
    },
    {
      "id": 83,
      "name": "Item 83",
      "price": "$83"
    },
    {
      "id": 84,
      "name": "Item 84",
      "price": "$84"
    },
    {
      "id": 85,
      "name": "Item 85",
      "price": "$85"
    },
    {
      "id": 86,
      "name": "Item 86",
      "price": "$86"
    },
    {
      "id": 87,
      "name": "Item 87",
      "price": "$87"
    },
    {
      "id": 88,
      "name": "Item 88",
      "price": "$88"
    },
    {
      "id": 89,
      "name": "Item 89",
      "price": "$89"
    },
    {
      "id": 90,
      "name": "Item 90",
      "price": "$90"
    },
    {
      "id": 91,
      "name": "Item 91",
      "price": "$91"
    },
    {
      "id": 92,
      "name": "Item 92",
      "price": "$92"
    },
    {
      "id": 93,
      "name": "Item 93",
      "price": "$93"
    },
    {
      "id": 94,
      "name": "Item 94",
      "price": "$94"
    },
    {
      "id": 95,
      "name": "Item 95",
      "price": "$95"
    },
    {
      "id": 96,
      "name": "Item 96",
      "price": "$96"
    },
    {
      "id": 97,
      "name": "Item 97",
      "price": "$97"
    },
    {
      "id": 98,
      "name": "Item 98",
      "price": "$98"
    },
    {
      "id": 99,
      "name": "Item 99",
      "price": "$99"
    },
    {
      "id": 100,
      "name": "Item 100",
      "price": "$100"
    },
    {
      "id": 101,
      "name": "Item 101",
      "price": "$101"
    },
    {
      "id": 102,
      "name": "Item 102",
      "price": "$102"
    },
    {
      "id": 103,
      "name": "Item 103",
      "price": "$103"
    },
    {
      "id": 104,
      "name": "Item 104",
      "price": "$104"
    },
    {
      "id": 105,
      "name": "Item 105",
      "price": "$105"
    },
    {
      "id": 106,
      "name": "Item 106",
      "price": "$106"
    },
    {
      "id": 107,
      "name": "Item 107",
      "price": "$107"
    },
    {
      "id": 108,
      "name": "Item 108",
      "price": "$108"
    },
    {
      "id": 109,
      "name": "Item 109",
      "price": "$109"
    },
    {
      "id": 110,
      "name": "Item 110",
      "price": "$110"
    },
    {
      "id": 111,
      "name": "Item 111",
      "price": "$111"
    },
    {
      "id": 112,
      "name": "Item 112",
      "price": "$112"
    },
    {
      "id": 113,
      "name": "Item 113",
      "price": "$113"
    },
    {
      "id": 114,
      "name": "Item 114",
      "price": "$114"
    },
    {
      "id": 115,
      "name": "Item 115",
      "price": "$115"
    },
    {
      "id": 116,
      "name": "Item 116",
      "price": "$116"
    },
    {
      "id": 117,
      "name": "Item 117",
      "price": "$117"
    },
    {
      "id": 118,
      "name": "Item 118",
      "price": "$118"
    },
    {
      "id": 119,
      "name": "Item 119",
      "price": "$119"
    },
    {
      "id": 120,
      "name": "Item 120",
      "price": "$120"
    },
    {
      "id": 121,
      "name": "Item 121",
      "price": "$121"
    },
    {
      "id": 122,
      "name": "Item 122",
      "price": "$122"
    },
    {
      "id": 123,
      "name": "Item 123",
      "price": "$123"
    },
    {
      "id": 124,
      "name": "Item 124",
      "price": "$124"
    },
    {
      "id": 125,
      "name": "Item 125",
      "price": "$125"
    },
    {
      "id": 126,
      "name": "Item 126",
      "price": "$126"
    },
    {
      "id": 127,
      "name": "Item 127",
      "price": "$127"
    },
    {
      "id": 128,
      "name": "Item 128",
      "price": "$128"
    },
    {
      "id": 129,
      "name": "Item 129",
      "price": "$129"
    },
    {
      "id": 130,
      "name": "Item 130",
      "price": "$130"
    },
    {
      "id": 131,
      "name": "Item 131",
      "price": "$131"
    },
    {
      "id": 132,
      "name": "Item 132",
      "price": "$132"
    },
    {
      "id": 133,
      "name": "Item 133",
      "price": "$133"
    },
    {
      "id": 134,
      "name": "Item 134",
      "price": "$134"
    },
    {
      "id": 135,
      "name": "Item 135",
      "price": "$135"
    },
    {
      "id": 136,
      "name": "Item 136",
      "price": "$136"
    },
    {
      "id": 137,
      "name": "Item 137",
      "price": "$137"
    },
    {
      "id": 138,
      "name": "Item 138",
      "price": "$138"
    },
    {
      "id": 139,
      "name": "Item 139",
      "price": "$139"
    },
    {
      "id": 140,
      "name": "Item 140",
      "price": "$140"
    },
    {
      "id": 141,
      "name": "Item 141",
      "price": "$141"
    },
    {
      "id": 142,
      "name": "Item 142",
      "price": "$142"
    },
    {
      "id": 143,
      "name": "Item 143",
      "price": "$143"
    },
    {
      "id": 144,
      "name": "Item 144",
      "price": "$144"
    },
    {
      "id": 145,
      "name": "Item 145",
      "price": "$145"
    },
    {
      "id": 146,
      "name": "Item 146",
      "price": "$146"
    },
    {
      "id": 147,
      "name": "Item 147",
      "price": "$147"
    },
    {
      "id": 148,
      "name": "Item 148",
      "price": "$148"
    },
    {
      "id": 149,
      "name": "Item 149",
      "price": "$149"
    },
    {
      "id": 150,
      "name": "Item 150",
      "price": "$150"
    },
    {
      "id": 151,
      "name": "Item 151",
      "price": "$151"
    },
    {
      "id": 152,
      "name": "Item 152",
      "price": "$152"
    },
    {
      "id": 153,
      "name": "Item 153",
      "price": "$153"
    },
    {
      "id": 154,
      "name": "Item 154",
      "price": "$154"
    },
    {
      "id": 155,
      "name": "Item 155",
      "price": "$155"
    },
    {
      "id": 156,
      "name": "Item 156",
      "price": "$156"
    },
    {
      "id": 157,
      "name": "Item 157",
      "price": "$157"
    },
    {
      "id": 158,
      "name": "Item 158",
      "price": "$158"
    },
    {
      "id": 159,
      "name": "Item 159",
      "price": "$159"
    },
    {
      "id": 160,
      "name": "Item 160",
      "price": "$160"
    },
    {
      "id": 161,
      "name": "Item 161",
      "price": "$161"
    },
    {
      "id": 162,
      "name": "Item 162",
      "price": "$162"
    },
    {
      "id": 163,
      "name": "Item 163",
      "price": "$163"
    },
    {
      "id": 164,
      "name": "Item 164",
      "price": "$164"
    },
    {
      "id": 165,
      "name": "Item 165",
      "price": "$165"
    },
    {
      "id": 166,
      "name": "Item 166",
      "price": "$166"
    },
    {
      "id": 167,
      "name": "Item 167",
      "price": "$167"
    },
    {
      "id": 168,
      "name": "Item 168",
      "price": "$168"
    },
    {
      "id": 169,
      "name": "Item 169",
      "price": "$169"
    },
    {
      "id": 170,
      "name": "Item 170",
      "price": "$170"
    },
    {
      "id": 171,
      "name": "Item 171",
      "price": "$171"
    },
    {
      "id": 172,
      "name": "Item 172",
      "price": "$172"
    },
    {
      "id": 173,
      "name": "Item 173",
      "price": "$173"
    },
    {
      "id": 174,
      "name": "Item 174",
      "price": "$174"
    },
    {
      "id": 175,
      "name": "Item 175",
      "price": "$175"
    },
    {
      "id": 176,
      "name": "Item 176",
      "price": "$176"
    },
    {
      "id": 177,
      "name": "Item 177",
      "price": "$177"
    },
    {
      "id": 178,
      "name": "Item 178",
      "price": "$178"
    },
    {
      "id": 179,
      "name": "Item 179",
      "price": "$179"
    },
    {
      "id": 180,
      "name": "Item 180",
      "price": "$180"
    },
    {
      "id": 181,
      "name": "Item 181",
      "price": "$181"
    },
    {
      "id": 182,
      "name": "Item 182",
      "price": "$182"
    },
    {
      "id": 183,
      "name": "Item 183",
      "price": "$183"
    },
    {
      "id": 184,
      "name": "Item 184",
      "price": "$184"
    },
    {
      "id": 185,
      "name": "Item 185",
      "price": "$185"
    },
    {
      "id": 186,
      "name": "Item 186",
      "price": "$186"
    },
    {
      "id": 187,
      "name": "Item 187",
      "price": "$187"
    },
    {
      "id": 188,
      "name": "Item 188",
      "price": "$188"
    },
    {
      "id": 189,
      "name": "Item 189",
      "price": "$189"
    },
    {
      "id": 190,
      "name": "Item 190",
      "price": "$190"
    },
    {
      "id": 191,
      "name": "Item 191",
      "price": "$191"
    },
    {
      "id": 192,
      "name": "Item 192",
      "price": "$192"
    },
    {
      "id": 193,
      "name": "Item 193",
      "price": "$193"
    },
    {
      "id": 194,
      "name": "Item 194",
      "price": "$194"
    },
    {
      "id": 195,
      "name": "Item 195",
      "price": "$195"
    },
    {
      "id": 196,
      "name": "Item 196",
      "price": "$196"
    },
    {
      "id": 197,
      "name": "Item 197",
      "price": "$197"
    },
    {
      "id": 198,
      "name": "Item 198",
      "price": "$198"
    },
    {
      "id": 199,
      "name": "Item 199",
      "price": "$199"
    },
    {
      "id": 200,
      "name": "Item 200",
      "price": "$200"
    },
    {
      "id": 201,
      "name": "Item 201",
      "price": "$201"
    },
    {
      "id": 202,
      "name": "Item 202",
      "price": "$202"
    },
    {
      "id": 203,
      "name": "Item 203",
      "price": "$203"
    },
    {
      "id": 204,
      "name": "Item 204",
      "price": "$204"
    },
    {
      "id": 205,
      "name": "Item 205",
      "price": "$205"
    },
    {
      "id": 206,
      "name": "Item 206",
      "price": "$206"
    },
    {
      "id": 207,
      "name": "Item 207",
      "price": "$207"
    },
    {
      "id": 208,
      "name": "Item 208",
      "price": "$208"
    },
    {
      "id": 209,
      "name": "Item 209",
      "price": "$209"
    },
    {
      "id": 210,
      "name": "Item 210",
      "price": "$210"
    },
    {
      "id": 211,
      "name": "Item 211",
      "price": "$211"
    },
    {
      "id": 212,
      "name": "Item 212",
      "price": "$212"
    },
    {
      "id": 213,
      "name": "Item 213",
      "price": "$213"
    },
    {
      "id": 214,
      "name": "Item 214",
      "price": "$214"
    },
    {
      "id": 215,
      "name": "Item 215",
      "price": "$215"
    },
    {
      "id": 216,
      "name": "Item 216",
      "price": "$216"
    },
    {
      "id": 217,
      "name": "Item 217",
      "price": "$217"
    },
    {
      "id": 218,
      "name": "Item 218",
      "price": "$218"
    },
    {
      "id": 219,
      "name": "Item 219",
      "price": "$219"
    },
    {
      "id": 220,
      "name": "Item 220",
      "price": "$220"
    },
    {
      "id": 221,
      "name": "Item 221",
      "price": "$221"
    },
    {
      "id": 222,
      "name": "Item 222",
      "price": "$222"
    },
    {
      "id": 223,
      "name": "Item 223",
      "price": "$223"
    },
    {
      "id": 224,
      "name": "Item 224",
      "price": "$224"
    },
    {
      "id": 225,
      "name": "Item 225",
      "price": "$225"
    },
    {
      "id": 226,
      "name": "Item 226",
      "price": "$226"
    },
    {
      "id": 227,
      "name": "Item 227",
      "price": "$227"
    },
    {
      "id": 228,
      "name": "Item 228",
      "price": "$228"
    },
    {
      "id": 229,
      "name": "Item 229",
      "price": "$229"
    },
    {
      "id": 230,
      "name": "Item 230",
      "price": "$230"
    },
    {
      "id": 231,
      "name": "Item 231",
      "price": "$231"
    },
    {
      "id": 232,
      "name": "Item 232",
      "price": "$232"
    },
    {
      "id": 233,
      "name": "Item 233",
      "price": "$233"
    },
    {
      "id": 234,
      "name": "Item 234",
      "price": "$234"
    },
    {
      "id": 235,
      "name": "Item 235",
      "price": "$235"
    },
    {
      "id": 236,
      "name": "Item 236",
      "price": "$236"
    },
    {
      "id": 237,
      "name": "Item 237",
      "price": "$237"
    },
    {
      "id": 238,
      "name": "Item 238",
      "price": "$238"
    },
    {
      "id": 239,
      "name": "Item 239",
      "price": "$239"
    },
    {
      "id": 240,
      "name": "Item 240",
      "price": "$240"
    },
    {
      "id": 241,
      "name": "Item 241",
      "price": "$241"
    },
    {
      "id": 242,
      "name": "Item 242",
      "price": "$242"
    },
    {
      "id": 243,
      "name": "Item 243",
      "price": "$243"
    },
    {
      "id": 244,
      "name": "Item 244",
      "price": "$244"
    },
    {
      "id": 245,
      "name": "Item 245",
      "price": "$245"
    },
    {
      "id": 246,
      "name": "Item 246",
      "price": "$246"
    },
    {
      "id": 247,
      "name": "Item 247",
      "price": "$247"
    },
    {
      "id": 248,
      "name": "Item 248",
      "price": "$248"
    },
    {
      "id": 249,
      "name": "Item 249",
      "price": "$249"
    },
    {
      "id": 250,
      "name": "Item 250",
      "price": "$250"
    },
    {
      "id": 251,
      "name": "Item 251",
      "price": "$251"
    },
    {
      "id": 252,
      "name": "Item 252",
      "price": "$252"
    },
    {
      "id": 253,
      "name": "Item 253",
      "price": "$253"
    },
    {
      "id": 254,
      "name": "Item 254",
      "price": "$254"
    },
    {
      "id": 255,
      "name": "Item 255",
      "price": "$255"
    },
    {
      "id": 256,
      "name": "Item 256",
      "price": "$256"
    },
    {
      "id": 257,
      "name": "Item 257",
      "price": "$257"
    },
    {
      "id": 258,
      "name": "Item 258",
      "price": "$258"
    },
    {
      "id": 259,
      "name": "Item 259",
      "price": "$259"
    },
    {
      "id": 260,
      "name": "Item 260",
      "price": "$260"
    },
    {
      "id": 261,
      "name": "Item 261",
      "price": "$261"
    },
    {
      "id": 262,
      "name": "Item 262",
      "price": "$262"
    },
    {
      "id": 263,
      "name": "Item 263",
      "price": "$263"
    },
    {
      "id": 264,
      "name": "Item 264",
      "price": "$264"
    },
    {
      "id": 265,
      "name": "Item 265",
      "price": "$265"
    },
    {
      "id": 266,
      "name": "Item 266",
      "price": "$266"
    },
    {
      "id": 267,
      "name": "Item 267",
      "price": "$267"
    },
    {
      "id": 268,
      "name": "Item 268",
      "price": "$268"
    },
    {
      "id": 269,
      "name": "Item 269",
      "price": "$269"
    },
    {
      "id": 270,
      "name": "Item 270",
      "price": "$270"
    },
    {
      "id": 271,
      "name": "Item 271",
      "price": "$271"
    },
    {
      "id": 272,
      "name": "Item 272",
      "price": "$272"
    },
    {
      "id": 273,
      "name": "Item 273",
      "price": "$273"
    },
    {
      "id": 274,
      "name": "Item 274",
      "price": "$274"
    },
    {
      "id": 275,
      "name": "Item 275",
      "price": "$275"
    },
    {
      "id": 276,
      "name": "Item 276",
      "price": "$276"
    },
    {
      "id": 277,
      "name": "Item 277",
      "price": "$277"
    },
    {
      "id": 278,
      "name": "Item 278",
      "price": "$278"
    },
    {
      "id": 279,
      "name": "Item 279",
      "price": "$279"
    },
    {
      "id": 280,
      "name": "Item 280",
      "price": "$280"
    },
    {
      "id": 281,
      "name": "Item 281",
      "price": "$281"
    },
    {
      "id": 282,
      "name": "Item 282",
      "price": "$282"
    },
    {
      "id": 283,
      "name": "Item 283",
      "price": "$283"
    },
    {
      "id": 284,
      "name": "Item 284",
      "price": "$284"
    },
    {
      "id": 285,
      "name": "Item 285",
      "price": "$285"
    },
    {
      "id": 286,
      "name": "Item 286",
      "price": "$286"
    },
    {
      "id": 287,
      "name": "Item 287",
      "price": "$287"
    },
    {
      "id": 288,
      "name": "Item 288",
      "price": "$288"
    },
    {
      "id": 289,
      "name": "Item 289",
      "price": "$289"
    },
    {
      "id": 290,
      "name": "Item 290",
      "price": "$290"
    },
    {
      "id": 291,
      "name": "Item 291",
      "price": "$291"
    },
    {
      "id": 292,
      "name": "Item 292",
      "price": "$292"
    },
    {
      "id": 293,
      "name": "Item 293",
      "price": "$293"
    },
    {
      "id": 294,
      "name": "Item 294",
      "price": "$294"
    },
    {
      "id": 295,
      "name": "Item 295",
      "price": "$295"
    },
    {
      "id": 296,
      "name": "Item 296",
      "price": "$296"
    },
    {
      "id": 297,
      "name": "Item 297",
      "price": "$297"
    },
    {
      "id": 298,
      "name": "Item 298",
      "price": "$298"
    },
    {
      "id": 299,
      "name": "Item 299",
      "price": "$299"
    },
    {
      "id": 300,
      "name": "Item 300",
      "price": "$300"
    },
    {
      "id": 301,
      "name": "Item 301",
      "price": "$301"
    },
    {
      "id": 302,
      "name": "Item 302",
      "price": "$302"
    },
    {
      "id": 303,
      "name": "Item 303",
      "price": "$303"
    },
    {
      "id": 304,
      "name": "Item 304",
      "price": "$304"
    },
    {
      "id": 305,
      "name": "Item 305",
      "price": "$305"
    },
    {
      "id": 306,
      "name": "Item 306",
      "price": "$306"
    },
    {
      "id": 307,
      "name": "Item 307",
      "price": "$307"
    },
    {
      "id": 308,
      "name": "Item 308",
      "price": "$308"
    },
    {
      "id": 309,
      "name": "Item 309",
      "price": "$309"
    },
    {
      "id": 310,
      "name": "Item 310",
      "price": "$310"
    },
    {
      "id": 311,
      "name": "Item 311",
      "price": "$311"
    },
    {
      "id": 312,
      "name": "Item 312",
      "price": "$312"
    },
    {
      "id": 313,
      "name": "Item 313",
      "price": "$313"
    },
    {
      "id": 314,
      "name": "Item 314",
      "price": "$314"
    },
    {
      "id": 315,
      "name": "Item 315",
      "price": "$315"
    },
    {
      "id": 316,
      "name": "Item 316",
      "price": "$316"
    },
    {
      "id": 317,
      "name": "Item 317",
      "price": "$317"
    },
    {
      "id": 318,
      "name": "Item 318",
      "price": "$318"
    },
    {
      "id": 319,
      "name": "Item 319",
      "price": "$319"
    },
    {
      "id": 320,
      "name": "Item 320",
      "price": "$320"
    },
    {
      "id": 321,
      "name": "Item 321",
      "price": "$321"
    },
    {
      "id": 322,
      "name": "Item 322",
      "price": "$322"
    },
    {
      "id": 323,
      "name": "Item 323",
      "price": "$323"
    },
    {
      "id": 324,
      "name": "Item 324",
      "price": "$324"
    },
    {
      "id": 325,
      "name": "Item 325",
      "price": "$325"
    },
    {
      "id": 326,
      "name": "Item 326",
      "price": "$326"
    },
    {
      "id": 327,
      "name": "Item 327",
      "price": "$327"
    },
    {
      "id": 328,
      "name": "Item 328",
      "price": "$328"
    },
    {
      "id": 329,
      "name": "Item 329",
      "price": "$329"
    },
    {
      "id": 330,
      "name": "Item 330",
      "price": "$330"
    },
    {
      "id": 331,
      "name": "Item 331",
      "price": "$331"
    },
    {
      "id": 332,
      "name": "Item 332",
      "price": "$332"
    },
    {
      "id": 333,
      "name": "Item 333",
      "price": "$333"
    },
    {
      "id": 334,
      "name": "Item 334",
      "price": "$334"
    },
    {
      "id": 335,
      "name": "Item 335",
      "price": "$335"
    },
    {
      "id": 336,
      "name": "Item 336",
      "price": "$336"
    },
    {
      "id": 337,
      "name": "Item 337",
      "price": "$337"
    },
    {
      "id": 338,
      "name": "Item 338",
      "price": "$338"
    },
    {
      "id": 339,
      "name": "Item 339",
      "price": "$339"
    },
    {
      "id": 340,
      "name": "Item 340",
      "price": "$340"
    },
    {
      "id": 341,
      "name": "Item 341",
      "price": "$341"
    },
    {
      "id": 342,
      "name": "Item 342",
      "price": "$342"
    },
    {
      "id": 343,
      "name": "Item 343",
      "price": "$343"
    },
    {
      "id": 344,
      "name": "Item 344",
      "price": "$344"
    },
    {
      "id": 345,
      "name": "Item 345",
      "price": "$345"
    },
    {
      "id": 346,
      "name": "Item 346",
      "price": "$346"
    },
    {
      "id": 347,
      "name": "Item 347",
      "price": "$347"
    },
    {
      "id": 348,
      "name": "Item 348",
      "price": "$348"
    },
    {
      "id": 349,
      "name": "Item 349",
      "price": "$349"
    },
    {
      "id": 350,
      "name": "Item 350",
      "price": "$350"
    },
    {
      "id": 351,
      "name": "Item 351",
      "price": "$351"
    },
    {
      "id": 352,
      "name": "Item 352",
      "price": "$352"
    },
    {
      "id": 353,
      "name": "Item 353",
      "price": "$353"
    },
    {
      "id": 354,
      "name": "Item 354",
      "price": "$354"
    },
    {
      "id": 355,
      "name": "Item 355",
      "price": "$355"
    },
    {
      "id": 356,
      "name": "Item 356",
      "price": "$356"
    },
    {
      "id": 357,
      "name": "Item 357",
      "price": "$357"
    },
    {
      "id": 358,
      "name": "Item 358",
      "price": "$358"
    },
    {
      "id": 359,
      "name": "Item 359",
      "price": "$359"
    },
    {
      "id": 360,
      "name": "Item 360",
      "price": "$360"
    },
    {
      "id": 361,
      "name": "Item 361",
      "price": "$361"
    },
    {
      "id": 362,
      "name": "Item 362",
      "price": "$362"
    },
    {
      "id": 363,
      "name": "Item 363",
      "price": "$363"
    },
    {
      "id": 364,
      "name": "Item 364",
      "price": "$364"
    },
    {
      "id": 365,
      "name": "Item 365",
      "price": "$365"
    },
    {
      "id": 366,
      "name": "Item 366",
      "price": "$366"
    },
    {
      "id": 367,
      "name": "Item 367",
      "price": "$367"
    },
    {
      "id": 368,
      "name": "Item 368",
      "price": "$368"
    },
    {
      "id": 369,
      "name": "Item 369",
      "price": "$369"
    },
    {
      "id": 370,
      "name": "Item 370",
      "price": "$370"
    },
    {
      "id": 371,
      "name": "Item 371",
      "price": "$371"
    },
    {
      "id": 372,
      "name": "Item 372",
      "price": "$372"
    },
    {
      "id": 373,
      "name": "Item 373",
      "price": "$373"
    },
    {
      "id": 374,
      "name": "Item 374",
      "price": "$374"
    },
    {
      "id": 375,
      "name": "Item 375",
      "price": "$375"
    },
    {
      "id": 376,
      "name": "Item 376",
      "price": "$376"
    },
    {
      "id": 377,
      "name": "Item 377",
      "price": "$377"
    },
    {
      "id": 378,
      "name": "Item 378",
      "price": "$378"
    },
    {
      "id": 379,
      "name": "Item 379",
      "price": "$379"
    },
    {
      "id": 380,
      "name": "Item 380",
      "price": "$380"
    },
    {
      "id": 381,
      "name": "Item 381",
      "price": "$381"
    },
    {
      "id": 382,
      "name": "Item 382",
      "price": "$382"
    },
    {
      "id": 383,
      "name": "Item 383",
      "price": "$383"
    },
    {
      "id": 384,
      "name": "Item 384",
      "price": "$384"
    },
    {
      "id": 385,
      "name": "Item 385",
      "price": "$385"
    },
    {
      "id": 386,
      "name": "Item 386",
      "price": "$386"
    },
    {
      "id": 387,
      "name": "Item 387",
      "price": "$387"
    },
    {
      "id": 388,
      "name": "Item 388",
      "price": "$388"
    },
    {
      "id": 389,
      "name": "Item 389",
      "price": "$389"
    },
    {
      "id": 390,
      "name": "Item 390",
      "price": "$390"
    },
    {
      "id": 391,
      "name": "Item 391",
      "price": "$391"
    },
    {
      "id": 392,
      "name": "Item 392",
      "price": "$392"
    },
    {
      "id": 393,
      "name": "Item 393",
      "price": "$393"
    },
    {
      "id": 394,
      "name": "Item 394",
      "price": "$394"
    },
    {
      "id": 395,
      "name": "Item 395",
      "price": "$395"
    },
    {
      "id": 396,
      "name": "Item 396",
      "price": "$396"
    },
    {
      "id": 397,
      "name": "Item 397",
      "price": "$397"
    },
    {
      "id": 398,
      "name": "Item 398",
      "price": "$398"
    },
    {
      "id": 399,
      "name": "Item 399",
      "price": "$399"
    },
    {
      "id": 400,
      "name": "Item 400",
      "price": "$400"
    },
    {
      "id": 401,
      "name": "Item 401",
      "price": "$401"
    },
    {
      "id": 402,
      "name": "Item 402",
      "price": "$402"
    },
    {
      "id": 403,
      "name": "Item 403",
      "price": "$403"
    },
    {
      "id": 404,
      "name": "Item 404",
      "price": "$404"
    },
    {
      "id": 405,
      "name": "Item 405",
      "price": "$405"
    },
    {
      "id": 406,
      "name": "Item 406",
      "price": "$406"
    },
    {
      "id": 407,
      "name": "Item 407",
      "price": "$407"
    },
    {
      "id": 408,
      "name": "Item 408",
      "price": "$408"
    },
    {
      "id": 409,
      "name": "Item 409",
      "price": "$409"
    },
    {
      "id": 410,
      "name": "Item 410",
      "price": "$410"
    },
    {
      "id": 411,
      "name": "Item 411",
      "price": "$411"
    },
    {
      "id": 412,
      "name": "Item 412",
      "price": "$412"
    },
    {
      "id": 413,
      "name": "Item 413",
      "price": "$413"
    },
    {
      "id": 414,
      "name": "Item 414",
      "price": "$414"
    },
    {
      "id": 415,
      "name": "Item 415",
      "price": "$415"
    },
    {
      "id": 416,
      "name": "Item 416",
      "price": "$416"
    },
    {
      "id": 417,
      "name": "Item 417",
      "price": "$417"
    },
    {
      "id": 418,
      "name": "Item 418",
      "price": "$418"
    },
    {
      "id": 419,
      "name": "Item 419",
      "price": "$419"
    },
    {
      "id": 420,
      "name": "Item 420",
      "price": "$420"
    },
    {
      "id": 421,
      "name": "Item 421",
      "price": "$421"
    },
    {
      "id": 422,
      "name": "Item 422",
      "price": "$422"
    },
    {
      "id": 423,
      "name": "Item 423",
      "price": "$423"
    },
    {
      "id": 424,
      "name": "Item 424",
      "price": "$424"
    },
    {
      "id": 425,
      "name": "Item 425",
      "price": "$425"
    },
    {
      "id": 426,
      "name": "Item 426",
      "price": "$426"
    },
    {
      "id": 427,
      "name": "Item 427",
      "price": "$427"
    },
    {
      "id": 428,
      "name": "Item 428",
      "price": "$428"
    },
    {
      "id": 429,
      "name": "Item 429",
      "price": "$429"
    },
    {
      "id": 430,
      "name": "Item 430",
      "price": "$430"
    },
    {
      "id": 431,
      "name": "Item 431",
      "price": "$431"
    },
    {
      "id": 432,
      "name": "Item 432",
      "price": "$432"
    },
    {
      "id": 433,
      "name": "Item 433",
      "price": "$433"
    },
    {
      "id": 434,
      "name": "Item 434",
      "price": "$434"
    },
    {
      "id": 435,
      "name": "Item 435",
      "price": "$435"
    },
    {
      "id": 436,
      "name": "Item 436",
      "price": "$436"
    },
    {
      "id": 437,
      "name": "Item 437",
      "price": "$437"
    },
    {
      "id": 438,
      "name": "Item 438",
      "price": "$438"
    },
    {
      "id": 439,
      "name": "Item 439",
      "price": "$439"
    },
    {
      "id": 440,
      "name": "Item 440",
      "price": "$440"
    },
    {
      "id": 441,
      "name": "Item 441",
      "price": "$441"
    },
    {
      "id": 442,
      "name": "Item 442",
      "price": "$442"
    },
    {
      "id": 443,
      "name": "Item 443",
      "price": "$443"
    },
    {
      "id": 444,
      "name": "Item 444",
      "price": "$444"
    },
    {
      "id": 445,
      "name": "Item 445",
      "price": "$445"
    },
    {
      "id": 446,
      "name": "Item 446",
      "price": "$446"
    },
    {
      "id": 447,
      "name": "Item 447",
      "price": "$447"
    },
    {
      "id": 448,
      "name": "Item 448",
      "price": "$448"
    },
    {
      "id": 449,
      "name": "Item 449",
      "price": "$449"
    },
    {
      "id": 450,
      "name": "Item 450",
      "price": "$450"
    },
    {
      "id": 451,
      "name": "Item 451",
      "price": "$451"
    },
    {
      "id": 452,
      "name": "Item 452",
      "price": "$452"
    },
    {
      "id": 453,
      "name": "Item 453",
      "price": "$453"
    },
    {
      "id": 454,
      "name": "Item 454",
      "price": "$454"
    },
    {
      "id": 455,
      "name": "Item 455",
      "price": "$455"
    },
    {
      "id": 456,
      "name": "Item 456",
      "price": "$456"
    },
    {
      "id": 457,
      "name": "Item 457",
      "price": "$457"
    },
    {
      "id": 458,
      "name": "Item 458",
      "price": "$458"
    },
    {
      "id": 459,
      "name": "Item 459",
      "price": "$459"
    },
    {
      "id": 460,
      "name": "Item 460",
      "price": "$460"
    },
    {
      "id": 461,
      "name": "Item 461",
      "price": "$461"
    },
    {
      "id": 462,
      "name": "Item 462",
      "price": "$462"
    },
    {
      "id": 463,
      "name": "Item 463",
      "price": "$463"
    },
    {
      "id": 464,
      "name": "Item 464",
      "price": "$464"
    },
    {
      "id": 465,
      "name": "Item 465",
      "price": "$465"
    },
    {
      "id": 466,
      "name": "Item 466",
      "price": "$466"
    },
    {
      "id": 467,
      "name": "Item 467",
      "price": "$467"
    },
    {
      "id": 468,
      "name": "Item 468",
      "price": "$468"
    },
    {
      "id": 469,
      "name": "Item 469",
      "price": "$469"
    },
    {
      "id": 470,
      "name": "Item 470",
      "price": "$470"
    },
    {
      "id": 471,
      "name": "Item 471",
      "price": "$471"
    },
    {
      "id": 472,
      "name": "Item 472",
      "price": "$472"
    },
    {
      "id": 473,
      "name": "Item 473",
      "price": "$473"
    },
    {
      "id": 474,
      "name": "Item 474",
      "price": "$474"
    },
    {
      "id": 475,
      "name": "Item 475",
      "price": "$475"
    },
    {
      "id": 476,
      "name": "Item 476",
      "price": "$476"
    },
    {
      "id": 477,
      "name": "Item 477",
      "price": "$477"
    },
    {
      "id": 478,
      "name": "Item 478",
      "price": "$478"
    },
    {
      "id": 479,
      "name": "Item 479",
      "price": "$479"
    },
    {
      "id": 480,
      "name": "Item 480",
      "price": "$480"
    },
    {
      "id": 481,
      "name": "Item 481",
      "price": "$481"
    },
    {
      "id": 482,
      "name": "Item 482",
      "price": "$482"
    },
    {
      "id": 483,
      "name": "Item 483",
      "price": "$483"
    },
    {
      "id": 484,
      "name": "Item 484",
      "price": "$484"
    },
    {
      "id": 485,
      "name": "Item 485",
      "price": "$485"
    },
    {
      "id": 486,
      "name": "Item 486",
      "price": "$486"
    },
    {
      "id": 487,
      "name": "Item 487",
      "price": "$487"
    },
    {
      "id": 488,
      "name": "Item 488",
      "price": "$488"
    },
    {
      "id": 489,
      "name": "Item 489",
      "price": "$489"
    },
    {
      "id": 490,
      "name": "Item 490",
      "price": "$490"
    },
    {
      "id": 491,
      "name": "Item 491",
      "price": "$491"
    },
    {
      "id": 492,
      "name": "Item 492",
      "price": "$492"
    },
    {
      "id": 493,
      "name": "Item 493",
      "price": "$493"
    },
    {
      "id": 494,
      "name": "Item 494",
      "price": "$494"
    },
    {
      "id": 495,
      "name": "Item 495",
      "price": "$495"
    },
    {
      "id": 496,
      "name": "Item 496",
      "price": "$496"
    },
    {
      "id": 497,
      "name": "Item 497",
      "price": "$497"
    },
    {
      "id": 498,
      "name": "Item 498",
      "price": "$498"
    },
    {
      "id": 499,
      "name": "Item 499",
      "price": "$499"
    },
    {
      "id": 500,
      "name": "Item 500",
      "price": "$500"
    },
    {
      "id": 501,
      "name": "Item 501",
      "price": "$501"
    },
    {
      "id": 502,
      "name": "Item 502",
      "price": "$502"
    },
    {
      "id": 503,
      "name": "Item 503",
      "price": "$503"
    },
    {
      "id": 504,
      "name": "Item 504",
      "price": "$504"
    },
    {
      "id": 505,
      "name": "Item 505",
      "price": "$505"
    },
    {
      "id": 506,
      "name": "Item 506",
      "price": "$506"
    },
    {
      "id": 507,
      "name": "Item 507",
      "price": "$507"
    },
    {
      "id": 508,
      "name": "Item 508",
      "price": "$508"
    },
    {
      "id": 509,
      "name": "Item 509",
      "price": "$509"
    },
    {
      "id": 510,
      "name": "Item 510",
      "price": "$510"
    },
    {
      "id": 511,
      "name": "Item 511",
      "price": "$511"
    },
    {
      "id": 512,
      "name": "Item 512",
      "price": "$512"
    },
    {
      "id": 513,
      "name": "Item 513",
      "price": "$513"
    },
    {
      "id": 514,
      "name": "Item 514",
      "price": "$514"
    },
    {
      "id": 515,
      "name": "Item 515",
      "price": "$515"
    },
    {
      "id": 516,
      "name": "Item 516",
      "price": "$516"
    },
    {
      "id": 517,
      "name": "Item 517",
      "price": "$517"
    },
    {
      "id": 518,
      "name": "Item 518",
      "price": "$518"
    },
    {
      "id": 519,
      "name": "Item 519",
      "price": "$519"
    },
    {
      "id": 520,
      "name": "Item 520",
      "price": "$520"
    },
    {
      "id": 521,
      "name": "Item 521",
      "price": "$521"
    },
    {
      "id": 522,
      "name": "Item 522",
      "price": "$522"
    },
    {
      "id": 523,
      "name": "Item 523",
      "price": "$523"
    },
    {
      "id": 524,
      "name": "Item 524",
      "price": "$524"
    },
    {
      "id": 525,
      "name": "Item 525",
      "price": "$525"
    },
    {
      "id": 526,
      "name": "Item 526",
      "price": "$526"
    },
    {
      "id": 527,
      "name": "Item 527",
      "price": "$527"
    },
    {
      "id": 528,
      "name": "Item 528",
      "price": "$528"
    },
    {
      "id": 529,
      "name": "Item 529",
      "price": "$529"
    },
    {
      "id": 530,
      "name": "Item 530",
      "price": "$530"
    },
    {
      "id": 531,
      "name": "Item 531",
      "price": "$531"
    },
    {
      "id": 532,
      "name": "Item 532",
      "price": "$532"
    },
    {
      "id": 533,
      "name": "Item 533",
      "price": "$533"
    },
    {
      "id": 534,
      "name": "Item 534",
      "price": "$534"
    },
    {
      "id": 535,
      "name": "Item 535",
      "price": "$535"
    },
    {
      "id": 536,
      "name": "Item 536",
      "price": "$536"
    },
    {
      "id": 537,
      "name": "Item 537",
      "price": "$537"
    },
    {
      "id": 538,
      "name": "Item 538",
      "price": "$538"
    },
    {
      "id": 539,
      "name": "Item 539",
      "price": "$539"
    },
    {
      "id": 540,
      "name": "Item 540",
      "price": "$540"
    },
    {
      "id": 541,
      "name": "Item 541",
      "price": "$541"
    },
    {
      "id": 542,
      "name": "Item 542",
      "price": "$542"
    },
    {
      "id": 543,
      "name": "Item 543",
      "price": "$543"
    },
    {
      "id": 544,
      "name": "Item 544",
      "price": "$544"
    },
    {
      "id": 545,
      "name": "Item 545",
      "price": "$545"
    },
    {
      "id": 546,
      "name": "Item 546",
      "price": "$546"
    },
    {
      "id": 547,
      "name": "Item 547",
      "price": "$547"
    },
    {
      "id": 548,
      "name": "Item 548",
      "price": "$548"
    },
    {
      "id": 549,
      "name": "Item 549",
      "price": "$549"
    },
    {
      "id": 550,
      "name": "Item 550",
      "price": "$550"
    },
    {
      "id": 551,
      "name": "Item 551",
      "price": "$551"
    },
    {
      "id": 552,
      "name": "Item 552",
      "price": "$552"
    },
    {
      "id": 553,
      "name": "Item 553",
      "price": "$553"
    },
    {
      "id": 554,
      "name": "Item 554",
      "price": "$554"
    },
    {
      "id": 555,
      "name": "Item 555",
      "price": "$555"
    },
    {
      "id": 556,
      "name": "Item 556",
      "price": "$556"
    },
    {
      "id": 557,
      "name": "Item 557",
      "price": "$557"
    },
    {
      "id": 558,
      "name": "Item 558",
      "price": "$558"
    },
    {
      "id": 559,
      "name": "Item 559",
      "price": "$559"
    },
    {
      "id": 560,
      "name": "Item 560",
      "price": "$560"
    },
    {
      "id": 561,
      "name": "Item 561",
      "price": "$561"
    },
    {
      "id": 562,
      "name": "Item 562",
      "price": "$562"
    },
    {
      "id": 563,
      "name": "Item 563",
      "price": "$563"
    },
    {
      "id": 564,
      "name": "Item 564",
      "price": "$564"
    },
    {
      "id": 565,
      "name": "Item 565",
      "price": "$565"
    },
    {
      "id": 566,
      "name": "Item 566",
      "price": "$566"
    },
    {
      "id": 567,
      "name": "Item 567",
      "price": "$567"
    },
    {
      "id": 568,
      "name": "Item 568",
      "price": "$568"
    },
    {
      "id": 569,
      "name": "Item 569",
      "price": "$569"
    },
    {
      "id": 570,
      "name": "Item 570",
      "price": "$570"
    },
    {
      "id": 571,
      "name": "Item 571",
      "price": "$571"
    },
    {
      "id": 572,
      "name": "Item 572",
      "price": "$572"
    },
    {
      "id": 573,
      "name": "Item 573",
      "price": "$573"
    },
    {
      "id": 574,
      "name": "Item 574",
      "price": "$574"
    },
    {
      "id": 575,
      "name": "Item 575",
      "price": "$575"
    },
    {
      "id": 576,
      "name": "Item 576",
      "price": "$576"
    },
    {
      "id": 577,
      "name": "Item 577",
      "price": "$577"
    },
    {
      "id": 578,
      "name": "Item 578",
      "price": "$578"
    },
    {
      "id": 579,
      "name": "Item 579",
      "price": "$579"
    },
    {
      "id": 580,
      "name": "Item 580",
      "price": "$580"
    },
    {
      "id": 581,
      "name": "Item 581",
      "price": "$581"
    },
    {
      "id": 582,
      "name": "Item 582",
      "price": "$582"
    },
    {
      "id": 583,
      "name": "Item 583",
      "price": "$583"
    },
    {
      "id": 584,
      "name": "Item 584",
      "price": "$584"
    },
    {
      "id": 585,
      "name": "Item 585",
      "price": "$585"
    },
    {
      "id": 586,
      "name": "Item 586",
      "price": "$586"
    },
    {
      "id": 587,
      "name": "Item 587",
      "price": "$587"
    },
    {
      "id": 588,
      "name": "Item 588",
      "price": "$588"
    },
    {
      "id": 589,
      "name": "Item 589",
      "price": "$589"
    },
    {
      "id": 590,
      "name": "Item 590",
      "price": "$590"
    },
    {
      "id": 591,
      "name": "Item 591",
      "price": "$591"
    },
    {
      "id": 592,
      "name": "Item 592",
      "price": "$592"
    },
    {
      "id": 593,
      "name": "Item 593",
      "price": "$593"
    },
    {
      "id": 594,
      "name": "Item 594",
      "price": "$594"
    },
    {
      "id": 595,
      "name": "Item 595",
      "price": "$595"
    },
    {
      "id": 596,
      "name": "Item 596",
      "price": "$596"
    },
    {
      "id": 597,
      "name": "Item 597",
      "price": "$597"
    },
    {
      "id": 598,
      "name": "Item 598",
      "price": "$598"
    },
    {
      "id": 599,
      "name": "Item 599",
      "price": "$599"
    },
    {
      "id": 600,
      "name": "Item 600",
      "price": "$600"
    },
    {
      "id": 601,
      "name": "Item 601",
      "price": "$601"
    },
    {
      "id": 602,
      "name": "Item 602",
      "price": "$602"
    },
    {
      "id": 603,
      "name": "Item 603",
      "price": "$603"
    },
    {
      "id": 604,
      "name": "Item 604",
      "price": "$604"
    },
    {
      "id": 605,
      "name": "Item 605",
      "price": "$605"
    },
    {
      "id": 606,
      "name": "Item 606",
      "price": "$606"
    },
    {
      "id": 607,
      "name": "Item 607",
      "price": "$607"
    },
    {
      "id": 608,
      "name": "Item 608",
      "price": "$608"
    },
    {
      "id": 609,
      "name": "Item 609",
      "price": "$609"
    },
    {
      "id": 610,
      "name": "Item 610",
      "price": "$610"
    },
    {
      "id": 611,
      "name": "Item 611",
      "price": "$611"
    },
    {
      "id": 612,
      "name": "Item 612",
      "price": "$612"
    },
    {
      "id": 613,
      "name": "Item 613",
      "price": "$613"
    },
    {
      "id": 614,
      "name": "Item 614",
      "price": "$614"
    },
    {
      "id": 615,
      "name": "Item 615",
      "price": "$615"
    },
    {
      "id": 616,
      "name": "Item 616",
      "price": "$616"
    },
    {
      "id": 617,
      "name": "Item 617",
      "price": "$617"
    },
    {
      "id": 618,
      "name": "Item 618",
      "price": "$618"
    },
    {
      "id": 619,
      "name": "Item 619",
      "price": "$619"
    },
    {
      "id": 620,
      "name": "Item 620",
      "price": "$620"
    },
    {
      "id": 621,
      "name": "Item 621",
      "price": "$621"
    },
    {
      "id": 622,
      "name": "Item 622",
      "price": "$622"
    },
    {
      "id": 623,
      "name": "Item 623",
      "price": "$623"
    },
    {
      "id": 624,
      "name": "Item 624",
      "price": "$624"
    },
    {
      "id": 625,
      "name": "Item 625",
      "price": "$625"
    },
    {
      "id": 626,
      "name": "Item 626",
      "price": "$626"
    },
    {
      "id": 627,
      "name": "Item 627",
      "price": "$627"
    },
    {
      "id": 628,
      "name": "Item 628",
      "price": "$628"
    },
    {
      "id": 629,
      "name": "Item 629",
      "price": "$629"
    },
    {
      "id": 630,
      "name": "Item 630",
      "price": "$630"
    },
    {
      "id": 631,
      "name": "Item 631",
      "price": "$631"
    },
    {
      "id": 632,
      "name": "Item 632",
      "price": "$632"
    },
    {
      "id": 633,
      "name": "Item 633",
      "price": "$633"
    },
    {
      "id": 634,
      "name": "Item 634",
      "price": "$634"
    },
    {
      "id": 635,
      "name": "Item 635",
      "price": "$635"
    },
    {
      "id": 636,
      "name": "Item 636",
      "price": "$636"
    },
    {
      "id": 637,
      "name": "Item 637",
      "price": "$637"
    },
    {
      "id": 638,
      "name": "Item 638",
      "price": "$638"
    },
    {
      "id": 639,
      "name": "Item 639",
      "price": "$639"
    },
    {
      "id": 640,
      "name": "Item 640",
      "price": "$640"
    },
    {
      "id": 641,
      "name": "Item 641",
      "price": "$641"
    },
    {
      "id": 642,
      "name": "Item 642",
      "price": "$642"
    },
    {
      "id": 643,
      "name": "Item 643",
      "price": "$643"
    },
    {
      "id": 644,
      "name": "Item 644",
      "price": "$644"
    },
    {
      "id": 645,
      "name": "Item 645",
      "price": "$645"
    },
    {
      "id": 646,
      "name": "Item 646",
      "price": "$646"
    },
    {
      "id": 647,
      "name": "Item 647",
      "price": "$647"
    },
    {
      "id": 648,
      "name": "Item 648",
      "price": "$648"
    },
    {
      "id": 649,
      "name": "Item 649",
      "price": "$649"
    },
    {
      "id": 650,
      "name": "Item 650",
      "price": "$650"
    },
    {
      "id": 651,
      "name": "Item 651",
      "price": "$651"
    },
    {
      "id": 652,
      "name": "Item 652",
      "price": "$652"
    },
    {
      "id": 653,
      "name": "Item 653",
      "price": "$653"
    },
    {
      "id": 654,
      "name": "Item 654",
      "price": "$654"
    },
    {
      "id": 655,
      "name": "Item 655",
      "price": "$655"
    },
    {
      "id": 656,
      "name": "Item 656",
      "price": "$656"
    },
    {
      "id": 657,
      "name": "Item 657",
      "price": "$657"
    },
    {
      "id": 658,
      "name": "Item 658",
      "price": "$658"
    },
    {
      "id": 659,
      "name": "Item 659",
      "price": "$659"
    },
    {
      "id": 660,
      "name": "Item 660",
      "price": "$660"
    },
    {
      "id": 661,
      "name": "Item 661",
      "price": "$661"
    },
    {
      "id": 662,
      "name": "Item 662",
      "price": "$662"
    },
    {
      "id": 663,
      "name": "Item 663",
      "price": "$663"
    },
    {
      "id": 664,
      "name": "Item 664",
      "price": "$664"
    },
    {
      "id": 665,
      "name": "Item 665",
      "price": "$665"
    },
    {
      "id": 666,
      "name": "Item 666",
      "price": "$666"
    },
    {
      "id": 667,
      "name": "Item 667",
      "price": "$667"
    },
    {
      "id": 668,
      "name": "Item 668",
      "price": "$668"
    },
    {
      "id": 669,
      "name": "Item 669",
      "price": "$669"
    },
    {
      "id": 670,
      "name": "Item 670",
      "price": "$670"
    },
    {
      "id": 671,
      "name": "Item 671",
      "price": "$671"
    },
    {
      "id": 672,
      "name": "Item 672",
      "price": "$672"
    },
    {
      "id": 673,
      "name": "Item 673",
      "price": "$673"
    },
    {
      "id": 674,
      "name": "Item 674",
      "price": "$674"
    },
    {
      "id": 675,
      "name": "Item 675",
      "price": "$675"
    },
    {
      "id": 676,
      "name": "Item 676",
      "price": "$676"
    },
    {
      "id": 677,
      "name": "Item 677",
      "price": "$677"
    },
    {
      "id": 678,
      "name": "Item 678",
      "price": "$678"
    },
    {
      "id": 679,
      "name": "Item 679",
      "price": "$679"
    },
    {
      "id": 680,
      "name": "Item 680",
      "price": "$680"
    },
    {
      "id": 681,
      "name": "Item 681",
      "price": "$681"
    },
    {
      "id": 682,
      "name": "Item 682",
      "price": "$682"
    },
    {
      "id": 683,
      "name": "Item 683",
      "price": "$683"
    },
    {
      "id": 684,
      "name": "Item 684",
      "price": "$684"
    },
    {
      "id": 685,
      "name": "Item 685",
      "price": "$685"
    },
    {
      "id": 686,
      "name": "Item 686",
      "price": "$686"
    },
    {
      "id": 687,
      "name": "Item 687",
      "price": "$687"
    },
    {
      "id": 688,
      "name": "Item 688",
      "price": "$688"
    },
    {
      "id": 689,
      "name": "Item 689",
      "price": "$689"
    },
    {
      "id": 690,
      "name": "Item 690",
      "price": "$690"
    },
    {
      "id": 691,
      "name": "Item 691",
      "price": "$691"
    },
    {
      "id": 692,
      "name": "Item 692",
      "price": "$692"
    },
    {
      "id": 693,
      "name": "Item 693",
      "price": "$693"
    },
    {
      "id": 694,
      "name": "Item 694",
      "price": "$694"
    },
    {
      "id": 695,
      "name": "Item 695",
      "price": "$695"
    },
    {
      "id": 696,
      "name": "Item 696",
      "price": "$696"
    },
    {
      "id": 697,
      "name": "Item 697",
      "price": "$697"
    },
    {
      "id": 698,
      "name": "Item 698",
      "price": "$698"
    },
    {
      "id": 699,
      "name": "Item 699",
      "price": "$699"
    },
    {
      "id": 700,
      "name": "Item 700",
      "price": "$700"
    },
    {
      "id": 701,
      "name": "Item 701",
      "price": "$701"
    },
    {
      "id": 702,
      "name": "Item 702",
      "price": "$702"
    },
    {
      "id": 703,
      "name": "Item 703",
      "price": "$703"
    },
    {
      "id": 704,
      "name": "Item 704",
      "price": "$704"
    },
    {
      "id": 705,
      "name": "Item 705",
      "price": "$705"
    },
    {
      "id": 706,
      "name": "Item 706",
      "price": "$706"
    },
    {
      "id": 707,
      "name": "Item 707",
      "price": "$707"
    },
    {
      "id": 708,
      "name": "Item 708",
      "price": "$708"
    },
    {
      "id": 709,
      "name": "Item 709",
      "price": "$709"
    },
    {
      "id": 710,
      "name": "Item 710",
      "price": "$710"
    },
    {
      "id": 711,
      "name": "Item 711",
      "price": "$711"
    },
    {
      "id": 712,
      "name": "Item 712",
      "price": "$712"
    },
    {
      "id": 713,
      "name": "Item 713",
      "price": "$713"
    },
    {
      "id": 714,
      "name": "Item 714",
      "price": "$714"
    },
    {
      "id": 715,
      "name": "Item 715",
      "price": "$715"
    },
    {
      "id": 716,
      "name": "Item 716",
      "price": "$716"
    },
    {
      "id": 717,
      "name": "Item 717",
      "price": "$717"
    },
    {
      "id": 718,
      "name": "Item 718",
      "price": "$718"
    },
    {
      "id": 719,
      "name": "Item 719",
      "price": "$719"
    },
    {
      "id": 720,
      "name": "Item 720",
      "price": "$720"
    },
    {
      "id": 721,
      "name": "Item 721",
      "price": "$721"
    },
    {
      "id": 722,
      "name": "Item 722",
      "price": "$722"
    },
    {
      "id": 723,
      "name": "Item 723",
      "price": "$723"
    },
    {
      "id": 724,
      "name": "Item 724",
      "price": "$724"
    },
    {
      "id": 725,
      "name": "Item 725",
      "price": "$725"
    },
    {
      "id": 726,
      "name": "Item 726",
      "price": "$726"
    },
    {
      "id": 727,
      "name": "Item 727",
      "price": "$727"
    },
    {
      "id": 728,
      "name": "Item 728",
      "price": "$728"
    },
    {
      "id": 729,
      "name": "Item 729",
      "price": "$729"
    },
    {
      "id": 730,
      "name": "Item 730",
      "price": "$730"
    },
    {
      "id": 731,
      "name": "Item 731",
      "price": "$731"
    },
    {
      "id": 732,
      "name": "Item 732",
      "price": "$732"
    },
    {
      "id": 733,
      "name": "Item 733",
      "price": "$733"
    },
    {
      "id": 734,
      "name": "Item 734",
      "price": "$734"
    },
    {
      "id": 735,
      "name": "Item 735",
      "price": "$735"
    },
    {
      "id": 736,
      "name": "Item 736",
      "price": "$736"
    },
    {
      "id": 737,
      "name": "Item 737",
      "price": "$737"
    },
    {
      "id": 738,
      "name": "Item 738",
      "price": "$738"
    },
    {
      "id": 739,
      "name": "Item 739",
      "price": "$739"
    },
    {
      "id": 740,
      "name": "Item 740",
      "price": "$740"
    },
    {
      "id": 741,
      "name": "Item 741",
      "price": "$741"
    },
    {
      "id": 742,
      "name": "Item 742",
      "price": "$742"
    },
    {
      "id": 743,
      "name": "Item 743",
      "price": "$743"
    },
    {
      "id": 744,
      "name": "Item 744",
      "price": "$744"
    },
    {
      "id": 745,
      "name": "Item 745",
      "price": "$745"
    },
    {
      "id": 746,
      "name": "Item 746",
      "price": "$746"
    },
    {
      "id": 747,
      "name": "Item 747",
      "price": "$747"
    },
    {
      "id": 748,
      "name": "Item 748",
      "price": "$748"
    },
    {
      "id": 749,
      "name": "Item 749",
      "price": "$749"
    },
    {
      "id": 750,
      "name": "Item 750",
      "price": "$750"
    },
    {
      "id": 751,
      "name": "Item 751",
      "price": "$751"
    },
    {
      "id": 752,
      "name": "Item 752",
      "price": "$752"
    },
    {
      "id": 753,
      "name": "Item 753",
      "price": "$753"
    },
    {
      "id": 754,
      "name": "Item 754",
      "price": "$754"
    },
    {
      "id": 755,
      "name": "Item 755",
      "price": "$755"
    },
    {
      "id": 756,
      "name": "Item 756",
      "price": "$756"
    },
    {
      "id": 757,
      "name": "Item 757",
      "price": "$757"
    },
    {
      "id": 758,
      "name": "Item 758",
      "price": "$758"
    },
    {
      "id": 759,
      "name": "Item 759",
      "price": "$759"
    },
    {
      "id": 760,
      "name": "Item 760",
      "price": "$760"
    },
    {
      "id": 761,
      "name": "Item 761",
      "price": "$761"
    },
    {
      "id": 762,
      "name": "Item 762",
      "price": "$762"
    },
    {
      "id": 763,
      "name": "Item 763",
      "price": "$763"
    },
    {
      "id": 764,
      "name": "Item 764",
      "price": "$764"
    },
    {
      "id": 765,
      "name": "Item 765",
      "price": "$765"
    },
    {
      "id": 766,
      "name": "Item 766",
      "price": "$766"
    },
    {
      "id": 767,
      "name": "Item 767",
      "price": "$767"
    },
    {
      "id": 768,
      "name": "Item 768",
      "price": "$768"
    },
    {
      "id": 769,
      "name": "Item 769",
      "price": "$769"
    },
    {
      "id": 770,
      "name": "Item 770",
      "price": "$770"
    },
    {
      "id": 771,
      "name": "Item 771",
      "price": "$771"
    },
    {
      "id": 772,
      "name": "Item 772",
      "price": "$772"
    },
    {
      "id": 773,
      "name": "Item 773",
      "price": "$773"
    },
    {
      "id": 774,
      "name": "Item 774",
      "price": "$774"
    },
    {
      "id": 775,
      "name": "Item 775",
      "price": "$775"
    },
    {
      "id": 776,
      "name": "Item 776",
      "price": "$776"
    },
    {
      "id": 777,
      "name": "Item 777",
      "price": "$777"
    },
    {
      "id": 778,
      "name": "Item 778",
      "price": "$778"
    },
    {
      "id": 779,
      "name": "Item 779",
      "price": "$779"
    },
    {
      "id": 780,
      "name": "Item 780",
      "price": "$780"
    },
    {
      "id": 781,
      "name": "Item 781",
      "price": "$781"
    },
    {
      "id": 782,
      "name": "Item 782",
      "price": "$782"
    },
    {
      "id": 783,
      "name": "Item 783",
      "price": "$783"
    },
    {
      "id": 784,
      "name": "Item 784",
      "price": "$784"
    },
    {
      "id": 785,
      "name": "Item 785",
      "price": "$785"
    },
    {
      "id": 786,
      "name": "Item 786",
      "price": "$786"
    },
    {
      "id": 787,
      "name": "Item 787",
      "price": "$787"
    },
    {
      "id": 788,
      "name": "Item 788",
      "price": "$788"
    },
    {
      "id": 789,
      "name": "Item 789",
      "price": "$789"
    },
    {
      "id": 790,
      "name": "Item 790",
      "price": "$790"
    },
    {
      "id": 791,
      "name": "Item 791",
      "price": "$791"
    },
    {
      "id": 792,
      "name": "Item 792",
      "price": "$792"
    },
    {
      "id": 793,
      "name": "Item 793",
      "price": "$793"
    },
    {
      "id": 794,
      "name": "Item 794",
      "price": "$794"
    },
    {
      "id": 795,
      "name": "Item 795",
      "price": "$795"
    },
    {
      "id": 796,
      "name": "Item 796",
      "price": "$796"
    },
    {
      "id": 797,
      "name": "Item 797",
      "price": "$797"
    },
    {
      "id": 798,
      "name": "Item 798",
      "price": "$798"
    },
    {
      "id": 799,
      "name": "Item 799",
      "price": "$799"
    }
  ]
}
