{"total": 23, "totalNotFiltered": 23, "rows": [{"title": "<a href=\"https://www.ptt.cc/bbs/nCoV2019/M.1590651906.A.C5F.html\">[Live] 0528樂活防疫新竹行(第2場16:00)", "date": "Thu May 28 15:45:04 2020", "comment_count": "288", "overall_reaction": "A", "class": "衛生", "upvote": "0.5277777777777778", "medium": "0.4722222222222222", "downvote": "0.0", "score": "52", "url": "https://www.ptt.cc/bbs/nCoV2019/M.1590651906.A.C5F.html"}, {"title": "<a href=\"https://www.ptt.cc/bbs/nCoV2019/M.1587295841.A.F29.html\">[新聞] 敦睦艦隊疫調 台中3確診去過新竹苗栗", "date": "Sun Apr 19 19:30:39 2020", "comment_count": "218", "overall_reaction": "B", "class": "衛生", "upvote": "0.3944954128440367", "medium": "0.6055045871559633", "downvote": "0.0", "score": "39", "url": "https://www.ptt.cc/bbs/nCoV2019/M.1587295841.A.F29.html"}, {"title": "<a href=\"https://www.ptt.cc/bbs/nCoV2019/M.1584770373.A.7FF.html\">[新聞] 謠傳新竹市府停班假消息 檢警逮禍首", "date": "Sat Mar 21 13:59:31 2020", "comment_count": "30", "overall_reaction": "A", "class": "衛生", "upvote": "0.5666666666666667", "medium": "0.43333333333333335", "downvote": "0.0", "score": "56", "url": "https://www.ptt.cc/bbs/nCoV2019/M.1584770373.A.7FF.html"}, {"title": "<a href=\"https://www.ptt.cc/bbs/nCoV2019/M.1584508158.A.D5D.html\">[新聞] 新竹漁港直銷中心 口罩配售攤商", "date": "Wed Mar 18 13:09:15 2020", "comment_count": "50", "overall_reaction": "B", "class": "衛生", "upvote": "0.36", "medium": "0.62", "downvote": "0.02", "score": "34", "url": "https://www.ptt.cc/bbs/nCoV2019/M.1584508158.A.D5D.html"}, {"title": "<a href=\"https://www.ptt.cc/bbs/nCoV2019/M.1583218884.A.1EA.html\">[新聞] 新竹失蹤居家檢疫男林東京 遭罰天價100萬", "date": "Tue Mar  3 15:01:21 2020", "comment_count": "133", "overall_reaction": "A", "class": "衛生", "upvote": "0.556390977443609", "medium": "0.41353383458646614", "downvote": "0.03007518796992481", "score": "52", "url": "https://www.ptt.cc/bbs/nCoV2019/M.1583218884.A.1EA.html"}, {"title": "<a href=\"https://www.ptt.cc/bbs/HatePolitics/M.1601511332.A.065.html\">[討論] 新竹市民怎麼看自己的市長？", "date": "Thu Oct  1 08:15:28 2020", "comment_count": "86", "overall_reaction": "B", "class": "政治", "upvote": "0.36046511627906974", "medium": "0.627906976744186", "downvote": "0.011627906976744186", "score": "34", "url": "https://www.ptt.cc/bbs/HatePolitics/M.1601511332.A.065.html"}, {"title": "<a href=\"https://www.ptt.cc/bbs/HatePolitics/M.1601266359.A.F66.html\">[討論] 有什麼能抹新竹市的東西 大家提出來", "date": "Mon Sep 28 12:12:37 2020", "comment_count": "22", "overall_reaction": "B", "class": "政治", "upvote": "0.3181818181818182", "medium": "0.6818181818181818", "downvote": "0.0", "score": "31", "url": "https://www.ptt.cc/bbs/HatePolitics/M.1601266359.A.F66.html"}, {"title": "<a href=\"https://www.ptt.cc/bbs/HatePolitics/M.1600940864.A.F0A.html\">[新聞] 韓粉忍不住了 新竹立委曝韓國瑜獨家照片", "date": "Thu Sep 24 17:47:41 2020", "comment_count": "35", "overall_reaction": "B", "class": "政治", "upvote": "0.37142857142857144", "medium": "0.5142857142857142", "downvote": "0.11428571428571428", "score": "25", "url": "https://www.ptt.cc/bbs/HatePolitics/M.1600940864.A.F0A.html"}, {"title": "<a href=\"https://www.ptt.cc/bbs/HatePolitics/M.1600399547.A.67F.html\">[討論] 柯要不要去選新竹市長？", "date": "Fri Sep 18 11:25:45 2020", "comment_count": "59", "overall_reaction": "B", "class": "政治", "upvote": "0.4745762711864407", "medium": "0.5084745762711864", "downvote": "0.01694915254237288", "score": "45", "url": "https://www.ptt.cc/bbs/HatePolitics/M.1600399547.A.67F.html"}, {"title": "<a href=\"https://www.ptt.cc/bbs/HatePolitics/M.1600312520.A.13E.html\">[討論] 2022縣市長新竹市好亂啊?", "date": "Thu Sep 17 11:15:18 2020", "comment_count": "68", "overall_reaction": "B", "class": "政治", "upvote": "0.3088235294117647", "medium": "0.6617647058823529", "downvote": "0.029411764705882353", "score": "27", "url": "https://www.ptt.cc/bbs/HatePolitics/M.1600312520.A.13E.html"}, {"title": "<a href=\"https://www.ptt.cc/bbs/HatePolitics/M.1600144614.A.E88.html\">[討論] 新竹市長林智堅 轉戰台北市長", "date": "Tue Sep 15 12:36:52 2020", "comment_count": "26", "overall_reaction": "B", "class": "政治", "upvote": "0.23076923076923078", "medium": "0.5769230769230769", "downvote": "0.19230769230769232", "score": "3", "url": "https://www.ptt.cc/bbs/HatePolitics/M.1600144614.A.E88.html"}, {"title": "<a href=\"https://www.ptt.cc/bbs/HatePolitics/M.1599368476.A.2DB.html\">[討論] 柯文哲接下來應該拿台北交換新竹桃園", "date": "Sun Sep  6 13:01:13 2020", "comment_count": "26", "overall_reaction": "B", "class": "政治", "upvote": "0.15384615384615385", "medium": "0.8461538461538461", "downvote": "0.0", "score": "15", "url": "https://www.ptt.cc/bbs/HatePolitics/M.1599368476.A.2DB.html"}, {"title": "<a href=\"https://www.ptt.cc/bbs/HatePolitics/M.1599320509.A.B60.html\">Re: [討論] 新竹關西議員選舉結果", "date": "Sat Sep  5 23:41:47 2020", "comment_count": "21", "overall_reaction": "B", "class": "政治", "upvote": "0.23809523809523808", "medium": "0.7142857142857143", "downvote": "0.047619047619047616", "score": "19", "url": "https://www.ptt.cc/bbs/HatePolitics/M.1599320509.A.B60.html"}, {"title": "<a href=\"https://www.ptt.cc/bbs/HatePolitics/M.1599203094.A.30E.html\">[討論] 主流民意版都不管新竹縣喝屍水欸", "date": "Fri Sep  4 15:04:52 2020", "comment_count": "29", "overall_reaction": "B", "class": "政治", "upvote": "0.4827586206896552", "medium": "0.4827586206896552", "downvote": "0.034482758620689655", "score": "44", "url": "https://www.ptt.cc/bbs/HatePolitics/M.1599203094.A.30E.html"}, {"title": "<a href=\"https://www.ptt.cc/bbs/HatePolitics/M.1598769812.A.2FA.html\">Re: [討論] 高鈺婷還適合選2022新竹首長嗎？", "date": "Sun Aug 30 14:43:30 2020", "comment_count": "23", "overall_reaction": "B", "class": "政治", "upvote": "0.4782608695652174", "medium": "0.5217391304347826", "downvote": "0.0", "score": "47", "url": "https://www.ptt.cc/bbs/HatePolitics/M.1598769812.A.2FA.html"}, {"title": "<a href=\"https://www.ptt.cc/bbs/HatePolitics/M.1598597999.A.CEA.html\">[黑特] 新竹林志玲也是可憐的三層夾心餅哪", "date": "Fri Aug 28 14:59:51 2020", "comment_count": "60", "overall_reaction": "B", "class": "政治", "upvote": "0.06666666666666667", "medium": "0.9", "downvote": "0.03333333333333333", "score": "3", "url": "https://www.ptt.cc/bbs/HatePolitics/M.1598597999.A.CEA.html"}, {"title": "<a href=\"https://www.ptt.cc/bbs/HatePolitics/M.1598457337.A.EF4.html\">[討論] 高鈺婷還適合選2022新竹首長嗎？", "date": "Wed Aug 26 23:55:34 2020", "comment_count": "85", "overall_reaction": "B", "class": "政治", "upvote": "0.18823529411764706", "medium": "0.7058823529411765", "downvote": "0.10588235294117647", "score": "8", "url": "https://www.ptt.cc/bbs/HatePolitics/M.1598457337.A.EF4.html"}, {"title": "<a href=\"https://www.ptt.cc/bbs/HatePolitics/M.1597288080.A.152.html\">[討論] 時代力量改選? 新竹幫 vs 高雄捷派", "date": "Thu Aug 13 11:07:57 2020", "comment_count": "155", "overall_reaction": "B", "class": "政治", "upvote": "0.3419354838709677", "medium": "0.632258064516129", "downvote": "0.025806451612903226", "score": "31", "url": "https://www.ptt.cc/bbs/HatePolitics/M.1597288080.A.152.html"}, {"title": "<a href=\"https://www.ptt.cc/bbs/HatePolitics/M.1596717919.A.153.html\">[轉錄] 連郁婷 新竹縣議員", "date": "Thu Aug  6 20:45:16 2020", "comment_count": "53", "overall_reaction": "A", "class": "政治", "upvote": "0.660377358490566", "medium": "0.2830188679245283", "downvote": "0.05660377358490566", "score": "60", "url": "https://www.ptt.cc/bbs/HatePolitics/M.1596717919.A.153.html"}, {"title": "<a href=\"https://www.ptt.cc/bbs/HatePolitics/M.1596557868.A.F8C.html\">[討論] 2022邱顯智會跟民眾黨談新竹合作嗎?", "date": "Wed Aug  5 00:17:45 2020", "comment_count": "302", "overall_reaction": "B", "class": "政治", "upvote": "0.24172185430463577", "medium": "0.7350993377483444", "downvote": "0.023178807947019868", "score": "21", "url": "https://www.ptt.cc/bbs/HatePolitics/M.1596557868.A.F8C.html"}, {"title": "<a href=\"https://www.ptt.cc/bbs/HatePolitics/M.1595939387.A.BB4.html\">[新聞] 新竹薪資全台最高！排名第2竟非六都", "date": "Tue Jul 28 20:29:45 2020", "comment_count": "34", "overall_reaction": "B", "class": "政治", "upvote": "0.20588235294117646", "medium": "0.6470588235294118", "downvote": "0.14705882352941177", "score": "5", "url": "https://www.ptt.cc/bbs/HatePolitics/M.1595939387.A.BB4.html"}, {"title": "<a href=\"https://www.ptt.cc/bbs/HatePolitics/M.1595426558.A.A71.html\">[轉錄] 曾玟學-苗栗縣長和前新竹縣議長論文同步率>50%", "date": "Wed Jul 22 22:02:33 2020", "comment_count": "43", "overall_reaction": "A", "class": "政治", "upvote": "0.5116279069767442", "medium": "0.4883720930232558", "downvote": "0.0", "score": "51", "url": "https://www.ptt.cc/bbs/HatePolitics/M.1595426558.A.A71.html"}, {"title": "<a href=\"https://www.ptt.cc/bbs/HatePolitics/M.1594886721.A.E17.html\">[新聞] 新竹空軍基地傳直升機墜毀！濃濃黑煙天際", "date": "Thu Jul 16 16:05:19 2020", "comment_count": "56", "overall_reaction": "B", "class": "政治", "upvote": "0.48214285714285715", "medium": "0.5", "downvote": "0.017857142857142856", "score": "46", "url": "https://www.ptt.cc/bbs/HatePolitics/M.1594886721.A.E17.html"}, {"title": "<a href=\"https://www.ptt.cc/bbs/HatePolitics/M.1594117444.A.2E3.html\">[新聞] 涉詐助理費 新竹市議員顏政德二審判4年4", "date": "Tue Jul  7 18:24:01 2020", "comment_count": "28", "overall_reaction": "A", "class": "政治", "upvote": "0.6428571428571429", "medium": "0.35714285714285715", "downvote": "0.0", "score": "64", "url": "https://www.ptt.cc/bbs/HatePolitics/M.1594117444.A.2E3.html"}, {"title": "<a href=\"https://www.ptt.cc/bbs/HatePolitics/M.1593962529.A.DF1.html\">[討論] 該啟動新竹縣市合併成第七直轄市了吧！", "date": "Sun Jul  5 23:22:06 2020", "comment_count": "58", "overall_reaction": "B", "class": "政治", "upvote": "0.15517241379310345", "medium": "0.8275862068965517", "downvote": "0.017241379310344827", "score": "13", "url": "https://www.ptt.cc/bbs/HatePolitics/M.1593962529.A.DF1.html"}, {"title": "<a href=\"https://www.ptt.cc/bbs/HatePolitics/M.1593847513.A.247.html\">[新聞] 台北到新竹僅45分鐘！蘇揆宣布：五楊高架", "date": "Sat Jul  4 15:25:07 2020", "comment_count": "134", "overall_reaction": "B", "class": "政治", "upvote": "0.417910447761194", "medium": "0.5149253731343284", "downvote": "0.06716417910447761", "score": "35", "url": "https://www.ptt.cc/bbs/HatePolitics/M.1593847513.A.247.html"}, {"title": "<a href=\"https://www.ptt.cc/bbs/HatePolitics/M.1590659350.A.284.html\">[討論] 全台最大線上直播 今天出訪新竹", "date": "Thu May 28 17:49:08 2020", "comment_count": "50", "overall_reaction": "A", "class": "政治", "upvote": "0.54", "medium": "0.46", "downvote": "0.0", "score": "54", "url": "https://www.ptt.cc/bbs/HatePolitics/M.1590659350.A.284.html"}]}