{"total": 6, "totalNotFiltered": 6, "rows": [{"title": "<a href=\"https://www.ptt.cc/bbs/nCoV2019/M.1590651906.A.C5F.html\">[Live] 0528樂活防疫新竹行(第2場16:00)", "date": "Thu May 28 15:45:04 2020", "comment_count": "288", "overall_reaction": "A", "class": "衛生", "upvote": "0.5277777777777778", "medium": "0.4722222222222222", "downvote": "0.0", "score": "52", "url": "https://www.ptt.cc/bbs/nCoV2019/M.1590651906.A.C5F.html"}, {"title": "<a href=\"https://www.ptt.cc/bbs/nCoV2019/M.1587295841.A.F29.html\">[新聞] 敦睦艦隊疫調 台中3確診去過新竹苗栗", "date": "Sun Apr 19 19:30:39 2020", "comment_count": "218", "overall_reaction": "B", "class": "衛生", "upvote": "0.3944954128440367", "medium": "0.6055045871559633", "downvote": "0.0", "score": "39", "url": "https://www.ptt.cc/bbs/nCoV2019/M.1587295841.A.F29.html"}, {"title": "<a href=\"https://www.ptt.cc/bbs/nCoV2019/M.1584770373.A.7FF.html\">[新聞] 謠傳新竹市府停班假消息 檢警逮禍首", "date": "Sat Mar 21 13:59:31 2020", "comment_count": "30", "overall_reaction": "A", "class": "衛生", "upvote": "0.5666666666666667", "medium": "0.43333333333333335", "downvote": "0.0", "score": "56", "url": "https://www.ptt.cc/bbs/nCoV2019/M.1584770373.A.7FF.html"}, {"title": "<a href=\"https://www.ptt.cc/bbs/nCoV2019/M.1584508158.A.D5D.html\">[新聞] 新竹漁港直銷中心 口罩配售攤商", "date": "Wed Mar 18 13:09:15 2020", "comment_count": "50", "overall_reaction": "B", "class": "衛生", "upvote": "0.36", "medium": "0.62", "downvote": "0.02", "score": "34", "url": "https://www.ptt.cc/bbs/nCoV2019/M.1584508158.A.D5D.html"}, {"title": "<a href=\"https://www.ptt.cc/bbs/nCoV2019/M.1583218884.A.1EA.html\">[新聞] 新竹失蹤居家檢疫男林東京 遭罰天價100萬", "date": "Tue Mar  3 15:01:21 2020", "comment_count": "133", "overall_reaction": "A", "class": "衛生", "upvote": "0.556390977443609", "medium": "0.41353383458646614", "downvote": "0.03007518796992481", "score": "52", "url": "https://www.ptt.cc/bbs/nCoV2019/M.1583218884.A.1EA.html"}]}